timestamp,PM2.5,NO2,CO,temperature,humidity
2024-01-01 00:00:00,107.0,17.0,1.03,25,22
2024-01-01 01:00:00,97.0,43.0,1.18,22,41
2024-01-01 02:00:00,19.0,44.0,,0,57
2024-01-01 03:00:00,111.0,41.0,2.23,10,81
2024-01-01 04:00:00,76.0,,,-2,76
2024-01-01 05:00:00,25.0,25.0,2.22,29,25
2024-01-01 06:00:00,107.0,77.0,0.35,20,51
2024-01-01 07:00:00,126.0,46.0,2.47,6,29
2024-01-01 08:00:00,79.0,63.0,1.16,5,22
2024-01-01 09:00:00,92.0,23.0,0.21,31,78
2024-01-01 10:00:00,121.0,64.0,0.19,19,68
2024-01-01 11:00:00,104.0,57.0,1.89,12,78
2024-01-01 12:00:00,108.0,16.0,1.68,13,50
2024-01-01 13:00:00,135.0,16.0,,17,88
2024-01-01 14:00:00,57.0,,0.35,32,81
2024-01-01 15:00:00,6.0,32.0,0.19,12,71
2024-01-01 16:00:00,92.0,28.0,1.32,20,60
2024-01-01 17:00:00,42.0,28.0,,0,50
2024-01-01 18:00:00,134.0,45.0,1.21,-2,41
2024-01-01 19:00:00,25.0,38.0,2.48,23,23
2024-01-01 20:00:00,62.0,69.0,2.43,28,32
2024-01-01 21:00:00,26.0,11.0,2.36,11,64
2024-01-01 22:00:00,93.0,,1.98,10,61
2024-01-01 23:00:00,53.0,56.0,0.95,-4,68
2024-01-02 00:00:00,63.0,78.0,1.09,28,39
2024-01-02 01:00:00,19.0,29.0,1.42,2,73
2024-01-02 02:00:00,55.0,20.0,2.09,7,55
2024-01-02 03:00:00,112.0,11.0,0.26,2,20
2024-01-02 04:00:00,59.0,76.0,1.12,24,34
2024-01-02 05:00:00,68.0,21.0,0.3,26,36
2024-01-02 06:00:00,135.0,29.0,1.34,30,43
2024-01-02 07:00:00,55.0,14.0,,24,77
2024-01-02 08:00:00,139.0,46.0,1.98,-5,42
2024-01-02 09:00:00,25.0,47.0,0.65,33,65
2024-01-02 10:00:00,77.0,18.0,2.44,11,27
2024-01-02 11:00:00,22.0,62.0,1.7,14,78
2024-01-02 12:00:00,136.0,53.0,0.13,18,78
2024-01-02 13:00:00,93.0,33.0,0.71,16,32
2024-01-02 14:00:00,64.0,39.0,0.73,23,58
2024-01-02 15:00:00,18.0,68.0,0.27,16,47
2024-01-02 16:00:00,13.0,23.0,2.4,3,80
2024-01-02 17:00:00,94.0,18.0,1.25,31,35
2024-01-02 18:00:00,57.0,49.0,2.25,4,21
2024-01-02 19:00:00,134.0,75.0,0.87,30,36
2024-01-02 20:00:00,88.0,34.0,0.4,31,49
2024-01-02 21:00:00,96.0,31.0,1.24,22,32
2024-01-02 22:00:00,115.0,13.0,0.37,22,32
2024-01-02 23:00:00,12.0,35.0,,15,62
2024-01-03 00:00:00,39.0,67.0,2.31,18,40
2024-01-03 01:00:00,85.0,38.0,1.35,34,74
2024-01-03 02:00:00,54.0,46.0,1.58,-4,59
2024-01-03 03:00:00,108.0,79.0,0.48,2,34
2024-01-03 04:00:00,136.0,27.0,0.2,21,71
2024-01-03 05:00:00,6.0,51.0,0.37,16,72
2024-01-03 06:00:00,138.0,50.0,1.54,31,71
2024-01-03 07:00:00,58.0,47.0,0.33,21,49
2024-01-03 08:00:00,110.0,43.0,1.0,23,52
2024-01-03 09:00:00,8.0,26.0,1.42,-3,76
2024-01-03 10:00:00,58.0,46.0,1.03,7,71
2024-01-03 11:00:00,48.0,34.0,0.49,4,28
2024-01-03 12:00:00,18.0,36.0,0.76,30,73
2024-01-03 13:00:00,99.0,66.0,2.33,3,20
2024-01-03 14:00:00,52.0,40.0,1.72,21,63
2024-01-03 15:00:00,19.0,15.0,1.29,28,28
2024-01-03 16:00:00,44.0,49.0,0.13,-5,51
2024-01-03 17:00:00,86.0,21.0,2.48,26,34
2024-01-03 18:00:00,115.0,62.0,1.71,19,31
2024-01-03 19:00:00,57.0,19.0,0.86,23,76
2024-01-03 20:00:00,28.0,54.0,2.21,1,27
2024-01-03 21:00:00,128.0,26.0,0.72,-3,46
2024-01-03 22:00:00,45.0,35.0,1.41,14,81
2024-01-03 23:00:00,19.0,71.0,1.63,14,31
2024-01-04 00:00:00,49.0,55.0,0.63,24,84
2024-01-04 01:00:00,69.0,73.0,2.45,29,61
2024-01-04 02:00:00,93.0,11.0,1.9,29,81
2024-01-04 03:00:00,75.0,63.0,1.44,33,30
2024-01-04 04:00:00,13.0,74.0,,21,62
2024-01-04 05:00:00,92.0,60.0,0.23,20,36
2024-01-04 06:00:00,133.0,62.0,0.87,8,51
2024-01-04 07:00:00,140.0,45.0,1.91,11,59
2024-01-04 08:00:00,67.0,35.0,0.75,12,42
2024-01-04 09:00:00,143.0,38.0,1.39,23,75
2024-01-04 10:00:00,85.0,30.0,1.85,14,25
2024-01-04 11:00:00,140.0,20.0,0.36,21,69
2024-01-04 12:00:00,37.0,49.0,1.74,12,56
2024-01-04 13:00:00,127.0,20.0,0.32,-2,83
2024-01-04 14:00:00,9.0,45.0,2.42,-5,73
2024-01-04 15:00:00,45.0,68.0,1.27,-5,68
2024-01-04 16:00:00,32.0,48.0,0.46,20,30
2024-01-04 17:00:00,139.0,63.0,0.92,14,68
2024-01-04 18:00:00,76.0,64.0,1.09,17,40
2024-01-04 19:00:00,16.0,33.0,1.92,4,85
2024-01-04 20:00:00,37.0,31.0,1.88,5,82
2024-01-04 21:00:00,52.0,78.0,1.57,-1,47
2024-01-04 22:00:00,66.0,65.0,0.35,-5,36
2024-01-04 23:00:00,41.0,42.0,0.46,11,25
2024-01-05 00:00:00,103.0,45.0,0.33,16,38
2024-01-05 01:00:00,108.0,29.0,1.49,28,75
2024-01-05 02:00:00,39.0,71.0,2.21,23,47
2024-01-05 03:00:00,105.0,35.0,1.14,-2,85
2024-01-05 04:00:00,135.0,75.0,0.49,-1,57
2024-01-05 05:00:00,5.0,49.0,1.44,5,56
2024-01-05 06:00:00,9.0,26.0,2.05,15,87
2024-01-05 07:00:00,146.0,10.0,1.88,29,68
2024-01-05 08:00:00,107.0,70.0,2.22,6,62
2024-01-05 09:00:00,31.0,52.0,0.77,20,55
2024-01-05 10:00:00,141.0,51.0,0.57,13,77
2024-01-05 11:00:00,19.0,34.0,2.21,1,32
2024-01-05 12:00:00,94.0,48.0,1.68,1,71
2024-01-05 13:00:00,46.0,,0.85,20,77
2024-01-05 14:00:00,128.0,12.0,1.88,34,51
2024-01-05 15:00:00,67.0,53.0,2.06,-1,79
2024-01-05 16:00:00,100.0,60.0,1.58,15,77
2024-01-05 17:00:00,56.0,21.0,1.75,8,75
2024-01-05 18:00:00,100.0,28.0,1.0,-2,47
2024-01-05 19:00:00,136.0,53.0,1.39,17,20
2024-01-05 20:00:00,147.0,68.0,,14,61
2024-01-05 21:00:00,33.0,58.0,2.14,9,67
2024-01-05 22:00:00,40.0,70.0,2.12,23,59
2024-01-05 23:00:00,17.0,26.0,2.1,2,82
2024-01-06 00:00:00,75.0,66.0,0.13,13,23
2024-01-06 01:00:00,90.0,64.0,1.9,33,57
2024-01-06 02:00:00,32.0,56.0,1.92,22,46
2024-01-06 03:00:00,70.0,,1.73,21,28
2024-01-06 04:00:00,49.0,71.0,,-2,35
2024-01-06 05:00:00,66.0,17.0,2.12,9,75
2024-01-06 06:00:00,138.0,30.0,1.23,29,50
2024-01-06 07:00:00,32.0,79.0,1.3,31,33
2024-01-06 08:00:00,32.0,34.0,0.4,-5,44
2024-01-06 09:00:00,112.0,,1.02,-3,53
2024-01-06 10:00:00,48.0,24.0,1.64,18,86
2024-01-06 11:00:00,88.0,68.0,1.97,21,43
2024-01-06 12:00:00,,35.0,0.62,34,45
2024-01-06 13:00:00,79.0,35.0,0.43,30,39
2024-01-06 14:00:00,132.0,56.0,1.69,28,83
2024-01-06 15:00:00,96.0,,0.1,23,29
2024-01-06 16:00:00,133.0,19.0,0.53,18,86
2024-01-06 17:00:00,125.0,25.0,0.17,18,43
2024-01-06 18:00:00,31.0,,0.5,-2,24
2024-01-06 19:00:00,125.0,32.0,0.54,-3,86
2024-01-06 20:00:00,120.0,35.0,1.03,28,77
2024-01-06 21:00:00,,16.0,1.07,17,46
2024-01-06 22:00:00,107.0,23.0,2.2,17,34
2024-01-06 23:00:00,141.0,16.0,1.32,-1,54
2024-01-07 00:00:00,66.0,18.0,1.84,25,72
2024-01-07 01:00:00,55.0,57.0,0.35,0,63
2024-01-07 02:00:00,,68.0,0.64,31,45
2024-01-07 03:00:00,122.0,48.0,1.79,4,66
2024-01-07 04:00:00,100.0,27.0,0.23,34,53
2024-01-07 05:00:00,117.0,68.0,1.27,1,69
2024-01-07 06:00:00,66.0,26.0,1.54,33,31
2024-01-07 07:00:00,56.0,23.0,1.55,32,23
2024-01-07 08:00:00,,40.0,0.16,15,67
2024-01-07 09:00:00,43.0,33.0,,14,74
2024-01-07 10:00:00,134.0,69.0,1.63,-3,20
2024-01-07 11:00:00,,54.0,0.46,16,85
2024-01-07 12:00:00,117.0,12.0,1.77,-2,49
2024-01-07 13:00:00,105.0,46.0,1.89,22,22
2024-01-07 14:00:00,117.0,52.0,2.46,6,40
2024-01-07 15:00:00,,49.0,0.6,32,68
2024-01-07 16:00:00,117.0,64.0,2.08,30,81
2024-01-07 17:00:00,6.0,48.0,1.35,-1,57
2024-01-07 18:00:00,134.0,24.0,1.0,7,34
2024-01-07 19:00:00,58.0,13.0,0.39,17,71
2024-01-07 20:00:00,91.0,34.0,1.87,24,65
2024-01-07 21:00:00,133.0,22.0,0.67,31,44
2024-01-07 22:00:00,130.0,42.0,0.99,19,40
2024-01-07 23:00:00,134.0,25.0,,21,24
2024-01-08 00:00:00,57.0,51.0,2.02,8,89
2024-01-08 01:00:00,72.0,75.0,1.94,30,66
2024-01-08 02:00:00,127.0,64.0,1.86,33,87
2024-01-08 03:00:00,149.0,51.0,0.82,10,37
2024-01-08 04:00:00,42.0,43.0,0.52,16,40
2024-01-08 05:00:00,28.0,39.0,1.63,15,42
2024-01-08 06:00:00,73.0,,1.29,15,83
2024-01-08 07:00:00,120.0,22.0,0.53,2,86
2024-01-08 08:00:00,102.0,27.0,1.75,10,59
2024-01-08 09:00:00,,41.0,2.48,25,29
2024-01-08 10:00:00,148.0,48.0,1.89,4,71
2024-01-08 11:00:00,101.0,55.0,1.88,26,80
2024-01-08 12:00:00,128.0,38.0,2.38,28,83
2024-01-08 13:00:00,74.0,71.0,0.59,3,24
2024-01-08 14:00:00,97.0,71.0,1.46,11,72
2024-01-08 15:00:00,7.0,66.0,2.45,5,74
2024-01-08 16:00:00,94.0,25.0,0.5,26,56
2024-01-08 17:00:00,,65.0,1.78,4,75
2024-01-08 18:00:00,56.0,19.0,1.51,16,78
2024-01-08 19:00:00,132.0,39.0,1.51,11,88
2024-01-08 20:00:00,43.0,34.0,1.77,-2,78
2024-01-08 21:00:00,86.0,14.0,2.33,19,21
2024-01-08 22:00:00,108.0,74.0,1.98,15,84
2024-01-08 23:00:00,133.0,58.0,0.23,31,79
2024-01-09 00:00:00,15.0,12.0,2.15,32,70
2024-01-09 01:00:00,46.0,54.0,,-5,49
2024-01-09 02:00:00,103.0,23.0,1.0,19,30
2024-01-09 03:00:00,11.0,39.0,1.21,30,58
2024-01-09 04:00:00,148.0,77.0,1.25,11,82
2024-01-09 05:00:00,94.0,27.0,1.14,18,83
2024-01-09 06:00:00,116.0,71.0,2.35,-4,80
2024-01-09 07:00:00,64.0,46.0,1.79,34,73
2024-01-09 08:00:00,117.0,34.0,1.61,9,77
2024-01-09 09:00:00,6.0,57.0,0.22,26,75
2024-01-09 10:00:00,133.0,74.0,2.27,33,53
2024-01-09 11:00:00,52.0,62.0,2.28,0,50
2024-01-09 12:00:00,144.0,24.0,1.97,-5,71
2024-01-09 13:00:00,41.0,58.0,0.12,17,20
2024-01-09 14:00:00,13.0,77.0,0.24,33,74
2024-01-09 15:00:00,103.0,21.0,0.64,11,41
2024-01-09 16:00:00,52.0,68.0,,28,59
2024-01-09 17:00:00,135.0,46.0,1.06,23,20
2024-01-09 18:00:00,58.0,70.0,2.31,3,84
2024-01-09 19:00:00,124.0,52.0,1.23,7,82
2024-01-09 20:00:00,120.0,,0.13,0,73
2024-01-09 21:00:00,79.0,48.0,0.78,0,61
2024-01-09 22:00:00,117.0,65.0,0.21,14,40
2024-01-09 23:00:00,108.0,72.0,0.19,-3,41
2024-01-10 00:00:00,88.0,55.0,0.76,11,57
2024-01-10 01:00:00,116.0,20.0,0.76,6,27
2024-01-10 02:00:00,103.0,71.0,1.99,-5,81
2024-01-10 03:00:00,97.0,34.0,2.44,11,66
2024-01-10 04:00:00,132.0,61.0,0.99,-3,36
2024-01-10 05:00:00,114.0,13.0,1.13,20,36
2024-01-10 06:00:00,86.0,68.0,2.13,9,32
2024-01-10 07:00:00,58.0,29.0,0.74,30,36
2024-01-10 08:00:00,72.0,72.0,0.48,26,57
2024-01-10 09:00:00,37.0,63.0,2.15,26,64
2024-01-10 10:00:00,146.0,66.0,0.21,-2,25
2024-01-10 11:00:00,25.0,,1.59,12,54
2024-01-10 12:00:00,52.0,12.0,1.45,13,33
2024-01-10 13:00:00,132.0,15.0,0.93,29,80
2024-01-10 14:00:00,,14.0,0.86,34,34
2024-01-10 15:00:00,139.0,14.0,1.95,8,73
2024-01-10 16:00:00,149.0,63.0,0.31,27,46
2024-01-10 17:00:00,132.0,56.0,0.67,8,32
2024-01-10 18:00:00,37.0,58.0,1.86,28,50
2024-01-10 19:00:00,119.0,18.0,1.42,-2,54
2024-01-10 20:00:00,123.0,29.0,0.41,18,79
2024-01-10 21:00:00,26.0,70.0,2.22,23,25
2024-01-10 22:00:00,42.0,44.0,1.04,13,88
2024-01-10 23:00:00,113.0,59.0,2.09,0,77
2024-01-11 00:00:00,55.0,71.0,1.99,27,68
2024-01-11 01:00:00,12.0,26.0,1.6,34,42
2024-01-11 02:00:00,31.0,12.0,1.29,13,53
2024-01-11 03:00:00,31.0,41.0,2.45,-5,45
2024-01-11 04:00:00,25.0,,,-1,66
2024-01-11 05:00:00,34.0,77.0,1.84,21,24
2024-01-11 06:00:00,101.0,23.0,0.56,10,39
2024-01-11 07:00:00,32.0,20.0,0.91,0,25
2024-01-11 08:00:00,,65.0,0.84,34,89
2024-01-11 09:00:00,65.0,,2.37,7,78
2024-01-11 10:00:00,52.0,38.0,2.42,29,83
2024-01-11 11:00:00,,18.0,0.54,13,37
2024-01-11 12:00:00,39.0,76.0,0.15,6,23
2024-01-11 13:00:00,53.0,34.0,1.83,10,36
2024-01-11 14:00:00,21.0,51.0,1.1,4,33
2024-01-11 15:00:00,50.0,18.0,0.31,19,32
2024-01-11 16:00:00,121.0,49.0,1.74,14,26
2024-01-11 17:00:00,10.0,34.0,1.41,25,63
2024-01-11 18:00:00,103.0,14.0,2.45,-2,34
2024-01-11 19:00:00,128.0,20.0,0.65,17,38
2024-01-11 20:00:00,41.0,68.0,1.07,-4,82
2024-01-11 21:00:00,28.0,47.0,1.4,16,54
2024-01-11 22:00:00,97.0,14.0,2.0,31,54
2024-01-11 23:00:00,50.0,57.0,1.42,2,38
2024-01-12 00:00:00,99.0,27.0,1.57,1,39
2024-01-12 01:00:00,103.0,79.0,0.64,8,54
2024-01-12 02:00:00,120.0,46.0,2.13,-3,51
2024-01-12 03:00:00,71.0,69.0,1.13,10,67
2024-01-12 04:00:00,132.0,57.0,0.44,13,63
2024-01-12 05:00:00,22.0,,1.69,12,43
2024-01-12 06:00:00,29.0,78.0,0.62,10,80
2024-01-12 07:00:00,58.0,,0.33,2,36
2024-01-12 08:00:00,62.0,54.0,2.17,27,69
2024-01-12 09:00:00,71.0,,1.2,6,84
2024-01-12 10:00:00,108.0,67.0,1.9,5,51
2024-01-12 11:00:00,28.0,76.0,0.8,-1,55
2024-01-12 12:00:00,,65.0,1.99,21,32
2024-01-12 13:00:00,36.0,49.0,0.37,6,89
2024-01-12 14:00:00,90.0,49.0,0.95,11,77
2024-01-12 15:00:00,131.0,42.0,2.45,0,33
2024-01-12 16:00:00,134.0,15.0,2.01,27,56
2024-01-12 17:00:00,21.0,28.0,1.29,-1,87
2024-01-12 18:00:00,108.0,49.0,0.92,22,59
2024-01-12 19:00:00,141.0,68.0,2.19,8,78
2024-01-12 20:00:00,47.0,68.0,,-1,35
2024-01-12 21:00:00,43.0,57.0,1.92,27,81
2024-01-12 22:00:00,30.0,50.0,1.91,13,23
2024-01-12 23:00:00,103.0,22.0,0.14,16,64
2024-01-13 00:00:00,,54.0,0.4,-1,47
2024-01-13 01:00:00,17.0,62.0,1.68,-4,85
2024-01-13 02:00:00,64.0,51.0,0.49,24,50
2024-01-13 03:00:00,139.0,72.0,0.71,33,22
2024-01-13 04:00:00,61.0,36.0,2.37,-2,27
2024-01-13 05:00:00,40.0,47.0,1.44,27,43
2024-01-13 06:00:00,24.0,69.0,1.9,7,34
2024-01-13 07:00:00,69.0,16.0,1.44,14,62
2024-01-13 08:00:00,,14.0,1.43,1,50
2024-01-13 09:00:00,148.0,54.0,0.33,9,64
2024-01-13 10:00:00,146.0,67.0,0.92,17,85
2024-01-13 11:00:00,119.0,40.0,0.78,8,27
2024-01-13 12:00:00,147.0,32.0,1.04,17,76
2024-01-13 13:00:00,96.0,51.0,2.02,13,49
2024-01-13 14:00:00,102.0,19.0,,23,37
2024-01-13 15:00:00,70.0,41.0,1.18,14,88
2024-01-13 16:00:00,36.0,62.0,1.05,23,58
2024-01-13 17:00:00,90.0,39.0,0.32,18,79
2024-01-13 18:00:00,55.0,48.0,1.16,12,62
2024-01-13 19:00:00,67.0,40.0,0.57,4,64
2024-01-13 20:00:00,,11.0,0.55,2,42
2024-01-13 21:00:00,62.0,21.0,0.33,20,88
2024-01-13 22:00:00,,48.0,0.96,23,25
2024-01-13 23:00:00,90.0,75.0,1.92,4,75
2024-01-14 00:00:00,53.0,22.0,0.76,11,23
2024-01-14 01:00:00,74.0,55.0,0.85,-4,42
2024-01-14 02:00:00,19.0,36.0,1.64,0,25
2024-01-14 03:00:00,58.0,,0.57,-1,51
2024-01-14 04:00:00,105.0,69.0,2.25,22,37
2024-01-14 05:00:00,12.0,73.0,1.35,-1,34
2024-01-14 06:00:00,57.0,,1.17,12,59
2024-01-14 07:00:00,64.0,79.0,1.44,20,25
2024-01-14 08:00:00,112.0,39.0,0.5,14,82
2024-01-14 09:00:00,9.0,72.0,1.57,21,86
2024-01-14 10:00:00,107.0,37.0,0.97,6,30
2024-01-14 11:00:00,10.0,69.0,2.25,1,62
2024-01-14 12:00:00,113.0,46.0,0.51,-3,36
2024-01-14 13:00:00,120.0,31.0,1.32,4,23
2024-01-14 14:00:00,98.0,77.0,,28,82
2024-01-14 15:00:00,51.0,29.0,0.18,19,87
2024-01-14 16:00:00,103.0,77.0,0.97,29,60
2024-01-14 17:00:00,59.0,73.0,1.86,10,24
2024-01-14 18:00:00,56.0,26.0,2.07,-4,51
2024-01-14 19:00:00,148.0,21.0,0.85,18,89
2024-01-14 20:00:00,17.0,31.0,2.02,4,54
2024-01-14 21:00:00,118.0,26.0,2.42,32,41
2024-01-14 22:00:00,128.0,19.0,2.16,16,84
2024-01-14 23:00:00,110.0,74.0,0.38,20,41
2024-01-15 00:00:00,149.0,31.0,1.88,33,30
2024-01-15 01:00:00,124.0,59.0,0.87,21,22
2024-01-15 02:00:00,67.0,23.0,2.47,23,28
2024-01-15 03:00:00,23.0,73.0,1.26,32,79
2024-01-15 04:00:00,96.0,56.0,0.39,14,33
2024-01-15 05:00:00,62.0,38.0,1.84,21,37
2024-01-15 06:00:00,94.0,45.0,0.88,14,42
2024-01-15 07:00:00,121.0,61.0,2.49,13,66
2024-01-15 08:00:00,66.0,16.0,2.45,14,88
2024-01-15 09:00:00,27.0,38.0,,29,66
2024-01-15 10:00:00,131.0,20.0,0.41,-4,49
2024-01-15 11:00:00,141.0,42.0,1.75,24,44
2024-01-15 12:00:00,144.0,15.0,0.32,28,47
2024-01-15 13:00:00,133.0,41.0,0.17,16,44
2024-01-15 14:00:00,62.0,60.0,2.08,-3,77
2024-01-15 15:00:00,126.0,67.0,0.6,0,60
2024-01-15 16:00:00,5.0,35.0,1.01,9,44
2024-01-15 17:00:00,,55.0,2.44,21,67
2024-01-15 18:00:00,100.0,38.0,0.91,4,29
2024-01-15 19:00:00,130.0,13.0,0.81,3,30
2024-01-15 20:00:00,122.0,22.0,2.3,27,40
2024-01-15 21:00:00,,48.0,0.37,26,64
2024-01-15 22:00:00,93.0,24.0,1.92,0,26
2024-01-15 23:00:00,,,2.47,30,83
2024-01-16 00:00:00,133.0,38.0,2.26,-4,83
2024-01-16 01:00:00,20.0,41.0,1.66,23,21
2024-01-16 02:00:00,73.0,11.0,0.85,-2,61
2024-01-16 03:00:00,26.0,56.0,0.71,-5,73
2024-01-16 04:00:00,97.0,31.0,2.07,13,35
2024-01-16 05:00:00,80.0,36.0,2.21,20,37
2024-01-16 06:00:00,148.0,76.0,1.36,19,78
2024-01-16 07:00:00,90.0,65.0,0.69,4,35
2024-01-16 08:00:00,33.0,30.0,0.37,9,25
2024-01-16 09:00:00,73.0,56.0,,16,76
2024-01-16 10:00:00,51.0,68.0,1.83,15,66
2024-01-16 11:00:00,98.0,15.0,1.11,16,67
2024-01-16 12:00:00,148.0,28.0,2.27,30,61
2024-01-16 13:00:00,89.0,66.0,1.88,28,79
2024-01-16 14:00:00,43.0,78.0,0.56,24,23
2024-01-16 15:00:00,104.0,12.0,1.57,19,21
2024-01-16 16:00:00,37.0,10.0,1.15,22,78
2024-01-16 17:00:00,,67.0,1.49,-5,46
2024-01-16 18:00:00,27.0,47.0,1.87,-2,46
2024-01-16 19:00:00,14.0,24.0,2.03,1,26
2024-01-16 20:00:00,73.0,43.0,2.12,3,82
2024-01-16 21:00:00,104.0,70.0,0.71,30,65
2024-01-16 22:00:00,38.0,44.0,0.17,13,82
2024-01-16 23:00:00,142.0,73.0,1.87,-5,31
2024-01-17 00:00:00,100.0,34.0,0.36,4,32
2024-01-17 01:00:00,5.0,33.0,0.86,30,62
2024-01-17 02:00:00,73.0,21.0,0.11,3,36
2024-01-17 03:00:00,8.0,27.0,1.74,26,82
2024-01-17 04:00:00,20.0,24.0,0.5,26,55
2024-01-17 05:00:00,28.0,36.0,1.67,0,27
2024-01-17 06:00:00,84.0,69.0,2.48,32,88
2024-01-17 07:00:00,6.0,55.0,,11,55
2024-01-17 08:00:00,132.0,26.0,0.28,4,47
2024-01-17 09:00:00,88.0,62.0,0.92,21,66
2024-01-17 10:00:00,144.0,17.0,2.18,29,49
2024-01-17 11:00:00,128.0,36.0,0.62,15,42
2024-01-17 12:00:00,37.0,55.0,0.96,19,35
2024-01-17 13:00:00,105.0,59.0,0.26,22,33
2024-01-17 14:00:00,16.0,12.0,1.93,9,71
2024-01-17 15:00:00,71.0,73.0,1.08,-2,56
2024-01-17 16:00:00,69.0,53.0,1.92,23,48
2024-01-17 17:00:00,78.0,62.0,2.27,3,86
2024-01-17 18:00:00,47.0,33.0,0.66,21,34
2024-01-17 19:00:00,48.0,69.0,2.04,20,66
2024-01-17 20:00:00,33.0,12.0,0.24,13,65
2024-01-17 21:00:00,145.0,29.0,2.26,22,71
2024-01-17 22:00:00,16.0,55.0,1.66,11,38
2024-01-17 23:00:00,,24.0,2.2,14,40
2024-01-18 00:00:00,50.0,34.0,0.1,34,83
2024-01-18 01:00:00,134.0,26.0,0.51,33,56
2024-01-18 02:00:00,39.0,18.0,1.04,17,46
2024-01-18 03:00:00,85.0,47.0,1.01,26,74
2024-01-18 04:00:00,94.0,57.0,0.64,27,48
2024-01-18 05:00:00,12.0,69.0,1.02,-1,39
2024-01-18 06:00:00,97.0,72.0,0.41,28,44
2024-01-18 07:00:00,94.0,11.0,1.09,34,89
2024-01-18 08:00:00,119.0,20.0,2.03,5,82
2024-01-18 09:00:00,109.0,73.0,1.25,-3,55
2024-01-18 10:00:00,139.0,30.0,0.14,27,21
2024-01-18 11:00:00,62.0,27.0,1.11,5,41
2024-01-18 12:00:00,118.0,73.0,0.17,10,35
2024-01-18 13:00:00,79.0,,2.42,12,37
2024-01-18 14:00:00,124.0,41.0,0.41,24,88
2024-01-18 15:00:00,25.0,20.0,1.8,4,73
2024-01-18 16:00:00,142.0,54.0,2.43,12,49
2024-01-18 17:00:00,105.0,42.0,2.08,32,64
2024-01-18 18:00:00,103.0,50.0,1.78,13,38
2024-01-18 19:00:00,40.0,17.0,2.11,30,53
2024-01-18 20:00:00,100.0,20.0,2.46,7,32
2024-01-18 21:00:00,41.0,60.0,1.59,-3,62
2024-01-18 22:00:00,16.0,50.0,1.44,4,81
2024-01-18 23:00:00,117.0,26.0,1.61,32,41
2024-01-19 00:00:00,17.0,55.0,1.38,-5,71
2024-01-19 01:00:00,27.0,41.0,,21,71
2024-01-19 02:00:00,103.0,,1.18,2,55
2024-01-19 03:00:00,109.0,29.0,0.62,11,38
2024-01-19 04:00:00,34.0,42.0,0.39,3,57
2024-01-19 05:00:00,21.0,49.0,0.26,0,89
2024-01-19 06:00:00,117.0,41.0,0.73,19,76
2024-01-19 07:00:00,66.0,11.0,0.21,33,39
2024-01-19 08:00:00,88.0,42.0,1.46,22,28
2024-01-19 09:00:00,116.0,39.0,0.78,27,51
2024-01-19 10:00:00,90.0,42.0,2.08,31,23
2024-01-19 11:00:00,145.0,35.0,0.28,3,69
2024-01-19 12:00:00,23.0,31.0,0.64,12,24
2024-01-19 13:00:00,104.0,75.0,1.85,15,39
2024-01-19 14:00:00,144.0,47.0,1.54,-4,56
2024-01-19 15:00:00,80.0,,0.25,32,41
2024-01-19 16:00:00,,24.0,2.21,34,77
2024-01-19 17:00:00,32.0,53.0,2.21,30,87
2024-01-19 18:00:00,132.0,58.0,0.89,31,63
2024-01-19 19:00:00,56.0,70.0,0.92,9,53
2024-01-19 20:00:00,87.0,76.0,2.47,22,61
2024-01-19 21:00:00,,15.0,1.6,12,28
2024-01-19 22:00:00,,18.0,1.38,28,26
2024-01-19 23:00:00,121.0,15.0,2.11,16,87
2024-01-20 00:00:00,73.0,,0.78,5,38
2024-01-20 01:00:00,103.0,50.0,1.13,7,50
2024-01-20 02:00:00,144.0,17.0,0.74,-2,54
2024-01-20 03:00:00,29.0,59.0,1.99,16,76
2024-01-20 04:00:00,127.0,71.0,1.48,1,80
2024-01-20 05:00:00,57.0,71.0,1.68,18,50
2024-01-20 06:00:00,148.0,16.0,0.71,-2,72
2024-01-20 07:00:00,61.0,13.0,0.63,22,51
2024-01-20 08:00:00,43.0,15.0,1.27,9,85
2024-01-20 09:00:00,113.0,67.0,1.87,-5,78
2024-01-20 10:00:00,46.0,31.0,1.36,-3,29
2024-01-20 11:00:00,146.0,35.0,0.18,8,21
2024-01-20 12:00:00,126.0,12.0,2.18,32,85
2024-01-20 13:00:00,137.0,50.0,0.26,-5,79
2024-01-20 14:00:00,79.0,69.0,2.39,32,36
2024-01-20 15:00:00,80.0,23.0,0.16,32,35
2024-01-20 16:00:00,13.0,21.0,1.77,15,35
2024-01-20 17:00:00,78.0,21.0,0.3,23,65
2024-01-20 18:00:00,149.0,22.0,2.29,-1,58
2024-01-20 19:00:00,11.0,34.0,1.21,4,50
2024-01-20 20:00:00,145.0,54.0,0.43,22,20
2024-01-20 21:00:00,141.0,28.0,0.92,15,30
2024-01-20 22:00:00,31.0,64.0,,1,23
2024-01-20 23:00:00,126.0,54.0,0.51,-3,45
2024-01-21 00:00:00,9.0,17.0,2.38,14,69
2024-01-21 01:00:00,33.0,62.0,1.17,13,31
2024-01-21 02:00:00,87.0,64.0,1.99,29,84
2024-01-21 03:00:00,140.0,41.0,1.64,-2,66
2024-01-21 04:00:00,113.0,60.0,1.72,-1,72
2024-01-21 05:00:00,69.0,53.0,0.42,-5,21
2024-01-21 06:00:00,90.0,,0.66,-2,43
2024-01-21 07:00:00,149.0,27.0,1.99,6,23
2024-01-21 08:00:00,75.0,31.0,2.43,21,38
2024-01-21 09:00:00,,46.0,0.73,17,45
2024-01-21 10:00:00,136.0,65.0,0.75,19,59
2024-01-21 11:00:00,40.0,68.0,1.23,15,69
2024-01-21 12:00:00,74.0,12.0,2.46,18,62
2024-01-21 13:00:00,23.0,37.0,,19,86
2024-01-21 14:00:00,112.0,44.0,1.08,26,31
2024-01-21 15:00:00,95.0,70.0,2.24,26,86
2024-01-21 16:00:00,94.0,63.0,0.11,-1,46
2024-01-21 17:00:00,23.0,72.0,0.2,30,73
2024-01-21 18:00:00,43.0,16.0,1.55,33,85
2024-01-21 19:00:00,130.0,58.0,2.28,10,68
2024-01-21 20:00:00,145.0,40.0,0.67,27,35
2024-01-21 21:00:00,130.0,67.0,1.23,15,21
2024-01-21 22:00:00,62.0,70.0,1.18,3,79
2024-01-21 23:00:00,65.0,33.0,1.24,0,73
2024-01-22 00:00:00,131.0,29.0,1.59,29,49
2024-01-22 01:00:00,109.0,46.0,1.23,33,57
2024-01-22 02:00:00,5.0,13.0,1.17,16,47
2024-01-22 03:00:00,135.0,29.0,1.24,-1,44
2024-01-22 04:00:00,96.0,69.0,1.52,17,29
2024-01-22 05:00:00,117.0,33.0,1.39,11,79
2024-01-22 06:00:00,60.0,59.0,2.15,6,61
2024-01-22 07:00:00,121.0,58.0,0.22,17,59
2024-01-22 08:00:00,138.0,60.0,2.1,10,61
2024-01-22 09:00:00,62.0,45.0,2.13,-3,66
2024-01-22 10:00:00,48.0,75.0,0.78,24,56
2024-01-22 11:00:00,65.0,43.0,1.21,16,41
2024-01-22 12:00:00,51.0,45.0,1.15,3,76
2024-01-22 13:00:00,84.0,15.0,0.62,23,46
2024-01-22 14:00:00,122.0,48.0,1.05,31,60
2024-01-22 15:00:00,24.0,51.0,0.21,17,53
2024-01-22 16:00:00,51.0,67.0,0.77,7,51
2024-01-22 17:00:00,53.0,21.0,2.06,26,85
2024-01-22 18:00:00,18.0,12.0,0.78,17,31
2024-01-22 19:00:00,147.0,,2.06,11,59
2024-01-22 20:00:00,5.0,49.0,1.38,34,29
2024-01-22 21:00:00,121.0,30.0,,15,67
2024-01-22 22:00:00,58.0,24.0,1.48,-4,39
2024-01-22 23:00:00,122.0,35.0,0.17,31,58
2024-01-23 00:00:00,7.0,17.0,1.72,0,79
2024-01-23 01:00:00,148.0,51.0,0.21,12,85
2024-01-23 02:00:00,16.0,53.0,1.18,24,84
2024-01-23 03:00:00,78.0,23.0,2.33,16,70
2024-01-23 04:00:00,20.0,11.0,0.5,27,55
2024-01-23 05:00:00,106.0,46.0,1.04,24,43
2024-01-23 06:00:00,121.0,78.0,1.85,11,46
2024-01-23 07:00:00,12.0,47.0,2.22,26,21
2024-01-23 08:00:00,126.0,50.0,1.71,8,50
2024-01-23 09:00:00,96.0,71.0,0.72,4,76
2024-01-23 10:00:00,,69.0,1.72,30,85
2024-01-23 11:00:00,140.0,23.0,0.81,28,48
2024-01-23 12:00:00,64.0,11.0,1.82,3,34
2024-01-23 13:00:00,32.0,79.0,2.39,22,31
2024-01-23 14:00:00,105.0,26.0,1.83,5,47
2024-01-23 15:00:00,45.0,37.0,2.17,8,43
2024-01-23 16:00:00,149.0,75.0,0.11,33,40
2024-01-23 17:00:00,145.0,44.0,1.82,13,29
2024-01-23 18:00:00,50.0,14.0,2.09,9,37
2024-01-23 19:00:00,39.0,74.0,,22,33
2024-01-23 20:00:00,138.0,49.0,2.19,18,53
2024-01-23 21:00:00,86.0,,0.72,2,77
2024-01-23 22:00:00,119.0,45.0,1.7,3,41
2024-01-23 23:00:00,51.0,54.0,2.02,27,89
2024-01-24 00:00:00,14.0,32.0,1.69,27,55
2024-01-24 01:00:00,60.0,56.0,0.32,13,64
2024-01-24 02:00:00,34.0,40.0,1.53,-3,55
2024-01-24 03:00:00,113.0,20.0,1.42,4,41
2024-01-24 04:00:00,9.0,19.0,2.26,34,80
2024-01-24 05:00:00,123.0,76.0,1.07,-5,75
2024-01-24 06:00:00,37.0,23.0,0.87,23,52
2024-01-24 07:00:00,122.0,19.0,1.9,28,64
2024-01-24 08:00:00,69.0,10.0,1.09,7,55
2024-01-24 09:00:00,15.0,14.0,1.65,-5,39
2024-01-24 10:00:00,89.0,29.0,1.65,28,37
2024-01-24 11:00:00,30.0,17.0,2.23,23,57
2024-01-24 12:00:00,67.0,52.0,1.54,7,86
2024-01-24 13:00:00,90.0,10.0,1.31,23,42
2024-01-24 14:00:00,63.0,66.0,0.43,33,35
2024-01-24 15:00:00,31.0,73.0,0.38,18,78
2024-01-24 16:00:00,102.0,37.0,0.47,20,88
2024-01-24 17:00:00,,46.0,0.51,11,87
2024-01-24 18:00:00,,56.0,1.63,1,40
2024-01-24 19:00:00,133.0,46.0,,7,89
2024-01-24 20:00:00,59.0,58.0,1.37,-1,31
2024-01-24 21:00:00,10.0,53.0,2.09,20,35
2024-01-24 22:00:00,99.0,65.0,2.48,-3,33
2024-01-24 23:00:00,137.0,37.0,2.07,1,80
2024-01-25 00:00:00,106.0,15.0,1.77,33,65
2024-01-25 01:00:00,7.0,70.0,1.38,-5,51
2024-01-25 02:00:00,27.0,29.0,1.18,11,34
2024-01-25 03:00:00,57.0,11.0,0.3,19,63
2024-01-25 04:00:00,87.0,46.0,,-3,36
2024-01-25 05:00:00,149.0,29.0,2.28,9,60
2024-01-25 06:00:00,,35.0,2.04,23,73
2024-01-25 07:00:00,82.0,38.0,0.62,26,63
2024-01-25 08:00:00,114.0,10.0,1.22,20,24
2024-01-25 09:00:00,5.0,44.0,2.06,10,46
2024-01-25 10:00:00,55.0,79.0,0.26,19,62
2024-01-25 11:00:00,8.0,68.0,1.03,22,50
2024-01-25 12:00:00,117.0,78.0,2.14,3,36
2024-01-25 13:00:00,,,1.07,-5,73
2024-01-25 14:00:00,38.0,60.0,0.29,23,81
2024-01-25 15:00:00,96.0,21.0,1.4,16,51
2024-01-25 16:00:00,99.0,29.0,2.17,10,59
2024-01-25 17:00:00,76.0,62.0,,1,32
2024-01-25 18:00:00,43.0,,0.64,8,54
2024-01-25 19:00:00,122.0,59.0,1.02,23,24
2024-01-25 20:00:00,7.0,38.0,1.18,13,48
2024-01-25 21:00:00,127.0,66.0,1.49,13,89
2024-01-25 22:00:00,54.0,48.0,1.92,-4,44
2024-01-25 23:00:00,16.0,65.0,0.34,9,41
2024-01-26 00:00:00,58.0,52.0,2.24,-3,85
2024-01-26 01:00:00,137.0,59.0,0.13,5,64
2024-01-26 02:00:00,61.0,32.0,0.99,24,88
2024-01-26 03:00:00,149.0,53.0,0.17,34,20
2024-01-26 04:00:00,116.0,47.0,1.04,12,63
2024-01-26 05:00:00,51.0,32.0,1.36,-4,58
2024-01-26 06:00:00,89.0,54.0,1.33,26,73
2024-01-26 07:00:00,146.0,61.0,0.5,2,48
2024-01-26 08:00:00,70.0,59.0,1.65,16,73
2024-01-26 09:00:00,79.0,17.0,0.21,0,35
2024-01-26 10:00:00,107.0,10.0,1.93,6,39
2024-01-26 11:00:00,42.0,17.0,2.37,34,65
2024-01-26 12:00:00,54.0,38.0,0.92,30,86
2024-01-26 13:00:00,102.0,14.0,1.34,9,84
2024-01-26 14:00:00,86.0,56.0,1.01,22,77
2024-01-26 15:00:00,34.0,43.0,0.12,12,72
2024-01-26 16:00:00,83.0,74.0,1.03,-4,20
2024-01-26 17:00:00,95.0,64.0,2.0,7,85
2024-01-26 18:00:00,56.0,52.0,1.53,9,48
2024-01-26 19:00:00,83.0,39.0,0.34,14,89
2024-01-26 20:00:00,34.0,26.0,,23,27
2024-01-26 21:00:00,,35.0,1.37,23,48
2024-01-26 22:00:00,55.0,17.0,2.12,-3,70
2024-01-26 23:00:00,85.0,56.0,1.49,13,52
2024-01-27 00:00:00,137.0,,1.44,-3,22
2024-01-27 01:00:00,33.0,77.0,0.35,8,79
2024-01-27 02:00:00,,42.0,0.5,34,54
2024-01-27 03:00:00,142.0,10.0,2.43,-2,88
2024-01-27 04:00:00,149.0,28.0,0.65,5,39
2024-01-27 05:00:00,78.0,40.0,2.45,25,58
2024-01-27 06:00:00,21.0,23.0,1.38,26,23
2024-01-27 07:00:00,,62.0,0.43,21,38
2024-01-27 08:00:00,73.0,57.0,0.34,24,64
2024-01-27 09:00:00,38.0,,0.6,-4,62
2024-01-27 10:00:00,10.0,71.0,2.32,3,32
2024-01-27 11:00:00,57.0,75.0,1.09,22,32
2024-01-27 12:00:00,130.0,73.0,1.05,25,79
2024-01-27 13:00:00,47.0,79.0,0.85,28,76
2024-01-27 14:00:00,119.0,72.0,0.45,9,71
2024-01-27 15:00:00,115.0,42.0,1.27,19,72
2024-01-27 16:00:00,84.0,50.0,0.41,30,62
2024-01-27 17:00:00,99.0,57.0,2.11,2,61
2024-01-27 18:00:00,122.0,,0.99,3,45
2024-01-27 19:00:00,,40.0,1.0,31,42
2024-01-27 20:00:00,12.0,77.0,1.24,33,62
2024-01-27 21:00:00,136.0,13.0,1.17,26,47
2024-01-27 22:00:00,108.0,28.0,2.49,11,28
2024-01-27 23:00:00,136.0,79.0,1.41,29,39
2024-01-28 00:00:00,29.0,22.0,0.31,31,75
2024-01-28 01:00:00,100.0,32.0,1.56,13,58
2024-01-28 02:00:00,97.0,10.0,0.46,23,70
2024-01-28 03:00:00,65.0,63.0,0.17,1,31
2024-01-28 04:00:00,126.0,24.0,2.43,22,74
2024-01-28 05:00:00,55.0,74.0,1.96,3,30
2024-01-28 06:00:00,25.0,24.0,2.45,22,45
2024-01-28 07:00:00,9.0,30.0,1.25,0,61
2024-01-28 08:00:00,96.0,28.0,1.38,23,46
2024-01-28 09:00:00,65.0,69.0,0.5,11,30
2024-01-28 10:00:00,26.0,42.0,,10,57
2024-01-28 11:00:00,74.0,58.0,2.11,17,62
2024-01-28 12:00:00,5.0,44.0,0.95,25,38
2024-01-28 13:00:00,,53.0,2.08,-3,83
2024-01-28 14:00:00,16.0,20.0,1.8,15,25
2024-01-28 15:00:00,94.0,75.0,0.53,20,65
2024-01-28 16:00:00,50.0,55.0,1.32,30,61
2024-01-28 17:00:00,,18.0,1.73,31,84
2024-01-28 18:00:00,82.0,12.0,0.66,16,78
2024-01-28 19:00:00,49.0,35.0,2.09,6,71
2024-01-28 20:00:00,77.0,57.0,1.41,7,66
2024-01-28 21:00:00,30.0,75.0,0.5,5,26
2024-01-28 22:00:00,51.0,79.0,1.5,10,30
2024-01-28 23:00:00,125.0,37.0,2.5,2,80
2024-01-29 00:00:00,60.0,35.0,0.46,34,87
2024-01-29 01:00:00,98.0,34.0,2.06,34,44
2024-01-29 02:00:00,111.0,21.0,0.6,-4,31
2024-01-29 03:00:00,67.0,14.0,1.98,24,45
2024-01-29 04:00:00,52.0,57.0,1.86,24,31
2024-01-29 05:00:00,65.0,46.0,0.82,6,62
2024-01-29 06:00:00,85.0,53.0,0.88,4,70
2024-01-29 07:00:00,30.0,24.0,2.0,5,56
2024-01-29 08:00:00,40.0,52.0,1.21,9,65
2024-01-29 09:00:00,5.0,57.0,1.85,10,72
2024-01-29 10:00:00,12.0,79.0,,11,32
2024-01-29 11:00:00,117.0,55.0,2.15,20,73
2024-01-29 12:00:00,103.0,,1.81,-4,76
2024-01-29 13:00:00,51.0,30.0,2.28,6,23
2024-01-29 14:00:00,131.0,32.0,0.42,20,68
2024-01-29 15:00:00,60.0,56.0,1.52,17,26
2024-01-29 16:00:00,18.0,24.0,1.54,12,30
2024-01-29 17:00:00,32.0,34.0,0.95,26,73
2024-01-29 18:00:00,82.0,45.0,1.2,32,64
2024-01-29 19:00:00,134.0,60.0,0.19,-3,42
2024-01-29 20:00:00,113.0,24.0,1.89,32,47
2024-01-29 21:00:00,18.0,77.0,1.42,-3,76
2024-01-29 22:00:00,60.0,30.0,0.24,24,45
2024-01-29 23:00:00,119.0,22.0,1.73,-5,44
2024-01-30 00:00:00,11.0,28.0,1.22,24,73
2024-01-30 01:00:00,7.0,43.0,0.18,26,48
2024-01-30 02:00:00,115.0,77.0,2.43,22,55
2024-01-30 03:00:00,111.0,61.0,2.38,15,33
2024-01-30 04:00:00,22.0,,1.33,7,54
2024-01-30 05:00:00,42.0,38.0,0.32,21,49
2024-01-30 06:00:00,119.0,37.0,1.91,30,36
2024-01-30 07:00:00,19.0,44.0,1.28,1,86
2024-01-30 08:00:00,123.0,17.0,,16,49
2024-01-30 09:00:00,32.0,25.0,1.28,4,64
2024-01-30 10:00:00,43.0,45.0,1.35,33,70
2024-01-30 11:00:00,21.0,39.0,1.45,9,66
2024-01-30 12:00:00,,27.0,1.16,9,72
2024-01-30 13:00:00,130.0,11.0,1.55,-2,83
2024-01-30 14:00:00,48.0,58.0,2.3,26,57
2024-01-30 15:00:00,29.0,13.0,0.97,17,83
2024-01-30 16:00:00,149.0,16.0,1.84,0,26
2024-01-30 17:00:00,17.0,,2.25,18,41
2024-01-30 18:00:00,29.0,22.0,1.19,14,60
2024-01-30 19:00:00,72.0,40.0,1.16,31,29
2024-01-30 20:00:00,142.0,72.0,1.55,14,76
2024-01-30 21:00:00,71.0,65.0,,6,26
2024-01-30 22:00:00,113.0,51.0,2.04,27,69
2024-01-30 23:00:00,115.0,70.0,1.24,22,71
2024-01-31 00:00:00,115.0,,2.49,2,52
2024-01-31 01:00:00,38.0,65.0,0.24,-5,20
2024-01-31 02:00:00,115.0,45.0,,31,72
2024-01-31 03:00:00,12.0,77.0,1.64,16,79
2024-01-31 04:00:00,,16.0,0.82,0,53
2024-01-31 05:00:00,87.0,63.0,0.68,15,23
2024-01-31 06:00:00,46.0,10.0,,26,36
2024-01-31 07:00:00,105.0,53.0,0.71,29,23
2024-01-31 08:00:00,10.0,54.0,0.17,9,62
2024-01-31 09:00:00,30.0,56.0,2.43,-1,23
2024-01-31 10:00:00,68.0,22.0,0.63,0,20
2024-01-31 11:00:00,63.0,31.0,1.86,19,69
2024-01-31 12:00:00,113.0,30.0,1.93,34,80
2024-01-31 13:00:00,125.0,18.0,2.33,23,54
2024-01-31 14:00:00,37.0,,0.17,1,27
2024-01-31 15:00:00,25.0,18.0,2.19,34,43
2024-01-31 16:00:00,74.0,24.0,1.37,7,55
2024-01-31 17:00:00,116.0,19.0,,32,69
2024-01-31 18:00:00,8.0,51.0,1.65,12,62
2024-01-31 19:00:00,98.0,33.0,2.07,-4,46
2024-01-31 20:00:00,79.0,58.0,0.9,2,51
2024-01-31 21:00:00,66.0,35.0,1.86,5,37
2024-01-31 22:00:00,98.0,46.0,1.37,27,47
2024-01-31 23:00:00,99.0,77.0,2.0,32,48
2024-02-01 00:00:00,59.0,59.0,2.48,21,35
2024-02-01 01:00:00,141.0,33.0,,14,66
2024-02-01 02:00:00,135.0,,2.49,6,78
2024-02-01 03:00:00,35.0,69.0,0.32,25,50
2024-02-01 04:00:00,44.0,48.0,0.11,21,23
2024-02-01 05:00:00,40.0,27.0,0.21,26,56
2024-02-01 06:00:00,10.0,28.0,0.92,4,36
2024-02-01 07:00:00,70.0,45.0,1.62,-3,58
2024-02-01 08:00:00,,64.0,0.27,21,67
2024-02-01 09:00:00,8.0,78.0,0.11,29,65
2024-02-01 10:00:00,83.0,56.0,2.35,25,67
2024-02-01 11:00:00,138.0,58.0,2.07,9,58
2024-02-01 12:00:00,122.0,,2.04,10,23
2024-02-01 13:00:00,117.0,30.0,2.22,7,49
2024-02-01 14:00:00,98.0,31.0,1.78,29,49
2024-02-01 15:00:00,66.0,57.0,,5,41
2024-02-01 16:00:00,83.0,46.0,1.06,15,85
2024-02-01 17:00:00,140.0,24.0,1.84,5,31
2024-02-01 18:00:00,30.0,44.0,0.77,24,55
2024-02-01 19:00:00,48.0,41.0,1.75,29,37
2024-02-01 20:00:00,137.0,20.0,0.16,16,72
2024-02-01 21:00:00,74.0,,0.83,32,20
2024-02-01 22:00:00,122.0,66.0,1.42,25,77
2024-02-01 23:00:00,72.0,34.0,1.62,8,25
2024-02-02 00:00:00,23.0,11.0,1.48,18,89
2024-02-02 01:00:00,24.0,73.0,1.77,26,63
2024-02-02 02:00:00,,44.0,0.11,30,43
2024-02-02 03:00:00,144.0,16.0,0.34,26,38
2024-02-02 04:00:00,51.0,27.0,2.19,9,37
2024-02-02 05:00:00,5.0,76.0,1.74,29,49
2024-02-02 06:00:00,,51.0,0.37,-3,61
2024-02-02 07:00:00,146.0,48.0,2.12,10,52
2024-02-02 08:00:00,68.0,50.0,0.68,-1,31
2024-02-02 09:00:00,42.0,33.0,,15,46
2024-02-02 10:00:00,41.0,69.0,0.45,4,58
2024-02-02 11:00:00,130.0,55.0,1.8,13,28
2024-02-02 12:00:00,143.0,28.0,1.7,19,40
2024-02-02 13:00:00,104.0,77.0,0.61,-2,48
2024-02-02 14:00:00,81.0,51.0,2.17,23,52
2024-02-02 15:00:00,7.0,41.0,1.06,13,81
2024-02-02 16:00:00,138.0,48.0,0.8,-4,34
2024-02-02 17:00:00,,45.0,0.47,4,21
2024-02-02 18:00:00,9.0,45.0,0.74,19,71
2024-02-02 19:00:00,142.0,12.0,0.15,14,63
2024-02-02 20:00:00,134.0,17.0,1.5,13,73
2024-02-02 21:00:00,17.0,79.0,2.12,17,37
2024-02-02 22:00:00,134.0,50.0,1.42,18,22
2024-02-02 23:00:00,88.0,77.0,0.63,5,26
2024-02-03 00:00:00,69.0,22.0,0.18,28,62
2024-02-03 01:00:00,67.0,58.0,0.62,22,57
2024-02-03 02:00:00,105.0,69.0,1.1,-1,56
2024-02-03 03:00:00,77.0,11.0,1.92,-1,77
2024-02-03 04:00:00,21.0,69.0,0.55,15,52
2024-02-03 05:00:00,13.0,14.0,1.83,6,78
2024-02-03 06:00:00,147.0,53.0,2.18,-2,30
2024-02-03 07:00:00,42.0,,,14,87
2024-02-03 08:00:00,98.0,41.0,2.07,32,87
2024-02-03 09:00:00,99.0,30.0,1.43,19,41
2024-02-03 10:00:00,53.0,,1.63,8,85
2024-02-03 11:00:00,,59.0,1.36,5,63
2024-02-03 12:00:00,66.0,76.0,1.21,26,25
2024-02-03 13:00:00,82.0,53.0,0.66,5,61
2024-02-03 14:00:00,121.0,67.0,,12,44
2024-02-03 15:00:00,124.0,,0.8,21,76
2024-02-03 16:00:00,141.0,79.0,1.45,12,74
2024-02-03 17:00:00,80.0,11.0,0.39,17,35
2024-02-03 18:00:00,39.0,53.0,2.3,5,33
2024-02-03 19:00:00,,11.0,1.83,15,58
2024-02-03 20:00:00,44.0,44.0,1.06,-1,47
2024-02-03 21:00:00,68.0,39.0,0.48,17,70
2024-02-03 22:00:00,64.0,17.0,2.22,19,68
2024-02-03 23:00:00,68.0,31.0,2.08,4,28
2024-02-04 00:00:00,97.0,53.0,1.83,16,77
2024-02-04 01:00:00,76.0,67.0,0.75,13,64
2024-02-04 02:00:00,15.0,,1.07,-5,41
2024-02-04 03:00:00,109.0,78.0,0.35,1,51
2024-02-04 04:00:00,18.0,,0.55,-2,88
2024-02-04 05:00:00,64.0,56.0,1.98,-5,88
2024-02-04 06:00:00,34.0,64.0,,9,61
2024-02-04 07:00:00,39.0,71.0,1.52,34,72
2024-02-04 08:00:00,9.0,39.0,2.25,6,78
2024-02-04 09:00:00,87.0,64.0,1.5,16,58
2024-02-04 10:00:00,127.0,25.0,1.22,16,34
2024-02-04 11:00:00,82.0,21.0,0.92,11,48
2024-02-04 12:00:00,66.0,26.0,2.36,23,22
2024-02-04 13:00:00,,25.0,0.3,8,29
2024-02-04 14:00:00,93.0,21.0,2.33,14,48
2024-02-04 15:00:00,46.0,17.0,2.08,27,54
2024-02-04 16:00:00,93.0,,0.41,9,25
2024-02-04 17:00:00,44.0,25.0,1.46,6,31
2024-02-04 18:00:00,76.0,39.0,2.18,34,57
2024-02-04 19:00:00,43.0,32.0,1.47,14,38
2024-02-04 20:00:00,108.0,14.0,2.28,24,86
2024-02-04 21:00:00,18.0,74.0,2.36,32,27
2024-02-04 22:00:00,36.0,39.0,1.11,-3,27
2024-02-04 23:00:00,129.0,30.0,1.01,22,66
2024-02-05 00:00:00,101.0,79.0,2.35,20,23
2024-02-05 01:00:00,27.0,31.0,1.72,24,70
2024-02-05 02:00:00,67.0,41.0,0.38,7,86
2024-02-05 03:00:00,147.0,42.0,0.2,7,64
2024-02-05 04:00:00,149.0,25.0,1.46,-4,27
2024-02-05 05:00:00,57.0,47.0,2.33,31,35
2024-02-05 06:00:00,108.0,23.0,2.13,32,86
2024-02-05 07:00:00,108.0,45.0,1.72,-4,28
2024-02-05 08:00:00,43.0,32.0,0.43,30,79
2024-02-05 09:00:00,138.0,75.0,0.71,20,34
2024-02-05 10:00:00,71.0,11.0,2.2,5,60
2024-02-05 11:00:00,139.0,74.0,0.54,2,41
2024-02-05 12:00:00,46.0,76.0,0.77,34,43
2024-02-05 13:00:00,19.0,61.0,0.41,16,63
2024-02-05 14:00:00,115.0,71.0,1.72,14,20
2024-02-05 15:00:00,37.0,32.0,2.37,2,29
2024-02-05 16:00:00,42.0,35.0,0.75,23,75
2024-02-05 17:00:00,101.0,77.0,1.24,34,69
2024-02-05 18:00:00,37.0,64.0,1.62,20,31
2024-02-05 19:00:00,90.0,15.0,2.5,24,79
2024-02-05 20:00:00,70.0,44.0,0.35,11,45
2024-02-05 21:00:00,14.0,31.0,1.3,14,60
2024-02-05 22:00:00,9.0,52.0,1.02,10,55
2024-02-05 23:00:00,127.0,24.0,,1,42
2024-02-06 00:00:00,78.0,69.0,1.24,10,62
2024-02-06 01:00:00,101.0,21.0,0.37,21,25
2024-02-06 02:00:00,122.0,58.0,1.62,17,88
2024-02-06 03:00:00,42.0,51.0,1.95,18,62
2024-02-06 04:00:00,145.0,47.0,0.11,3,44
2024-02-06 05:00:00,51.0,54.0,2.16,29,37
2024-02-06 06:00:00,113.0,44.0,0.55,14,81
2024-02-06 07:00:00,19.0,39.0,1.42,31,32
2024-02-06 08:00:00,140.0,39.0,1.1,11,62
2024-02-06 09:00:00,9.0,15.0,1.83,25,47
2024-02-06 10:00:00,51.0,76.0,0.99,2,37
2024-02-06 11:00:00,72.0,16.0,2.19,9,78
2024-02-06 12:00:00,80.0,,1.85,25,79
2024-02-06 13:00:00,,23.0,1.65,24,82
2024-02-06 14:00:00,99.0,24.0,2.01,14,76
2024-02-06 15:00:00,119.0,,1.91,33,70
2024-02-06 16:00:00,40.0,44.0,0.19,6,75
2024-02-06 17:00:00,30.0,75.0,1.05,11,46
2024-02-06 18:00:00,47.0,11.0,2.33,24,51
2024-02-06 19:00:00,31.0,44.0,0.4,23,28
2024-02-06 20:00:00,73.0,29.0,1.87,13,87
2024-02-06 21:00:00,15.0,19.0,2.44,5,65
2024-02-06 22:00:00,78.0,34.0,0.23,28,86
2024-02-06 23:00:00,108.0,75.0,1.74,1,45
2024-02-07 00:00:00,42.0,34.0,,28,27
2024-02-07 01:00:00,138.0,63.0,1.49,14,25
2024-02-07 02:00:00,27.0,,0.3,32,43
2024-02-07 03:00:00,51.0,45.0,,18,67
2024-02-07 04:00:00,94.0,23.0,1.7,4,64
2024-02-07 05:00:00,50.0,74.0,2.08,26,32
2024-02-07 06:00:00,111.0,63.0,1.98,9,88
2024-02-07 07:00:00,144.0,61.0,1.41,31,44
2024-02-07 08:00:00,145.0,12.0,0.34,14,39
2024-02-07 09:00:00,108.0,50.0,1.75,-3,85
2024-02-07 10:00:00,115.0,15.0,0.68,31,64
2024-02-07 11:00:00,108.0,34.0,2.29,34,66
2024-02-07 12:00:00,64.0,22.0,2.11,2,82
2024-02-07 13:00:00,104.0,17.0,1.8,34,74
2024-02-07 14:00:00,72.0,30.0,2.38,17,38
2024-02-07 15:00:00,137.0,77.0,0.18,34,54
2024-02-07 16:00:00,124.0,34.0,1.87,5,72
2024-02-07 17:00:00,41.0,77.0,0.89,2,45
2024-02-07 18:00:00,76.0,54.0,2.27,23,33
2024-02-07 19:00:00,131.0,69.0,0.74,24,64
2024-02-07 20:00:00,110.0,21.0,,4,63
2024-02-07 21:00:00,96.0,41.0,2.21,33,84
2024-02-07 22:00:00,35.0,22.0,0.2,22,70
2024-02-07 23:00:00,126.0,40.0,1.05,30,62
2024-02-08 00:00:00,141.0,29.0,1.93,7,42
2024-02-08 01:00:00,55.0,27.0,1.19,26,75
2024-02-08 02:00:00,33.0,69.0,0.74,30,38
2024-02-08 03:00:00,44.0,72.0,0.63,31,74
2024-02-08 04:00:00,45.0,15.0,,20,79
2024-02-08 05:00:00,15.0,41.0,2.16,16,78
2024-02-08 06:00:00,5.0,52.0,1.48,-2,52
2024-02-08 07:00:00,50.0,11.0,0.28,25,38
2024-02-08 08:00:00,105.0,69.0,1.02,12,47
2024-02-08 09:00:00,94.0,32.0,0.98,32,71
2024-02-08 10:00:00,114.0,40.0,0.54,18,68
2024-02-08 11:00:00,61.0,14.0,1.15,17,56
2024-02-08 12:00:00,5.0,43.0,0.9,16,45
2024-02-08 13:00:00,67.0,,0.92,-4,59
2024-02-08 14:00:00,59.0,11.0,1.87,25,57
2024-02-08 15:00:00,119.0,20.0,0.64,5,73
2024-02-08 16:00:00,147.0,59.0,1.64,22,41
2024-02-08 17:00:00,57.0,40.0,1.47,26,35
2024-02-08 18:00:00,141.0,65.0,1.46,-1,47
2024-02-08 19:00:00,61.0,18.0,1.69,32,54
2024-02-08 20:00:00,121.0,30.0,1.42,4,79
2024-02-08 21:00:00,39.0,37.0,2.21,34,64
2024-02-08 22:00:00,,71.0,1.72,18,65
2024-02-08 23:00:00,29.0,16.0,1.41,29,74
2024-02-09 00:00:00,94.0,25.0,2.09,17,45
2024-02-09 01:00:00,79.0,13.0,1.55,11,44
2024-02-09 02:00:00,42.0,13.0,0.8,-5,84
2024-02-09 03:00:00,134.0,49.0,0.6,25,25
2024-02-09 04:00:00,139.0,26.0,0.47,25,42
2024-02-09 05:00:00,95.0,61.0,2.26,28,83
2024-02-09 06:00:00,21.0,61.0,,3,62
2024-02-09 07:00:00,132.0,45.0,2.35,16,42
2024-02-09 08:00:00,112.0,47.0,1.55,7,49
2024-02-09 09:00:00,,59.0,1.24,19,37
2024-02-09 10:00:00,92.0,72.0,0.24,12,40
2024-02-09 11:00:00,33.0,72.0,1.71,6,76
2024-02-09 12:00:00,67.0,71.0,1.5,34,42
2024-02-09 13:00:00,118.0,16.0,2.48,11,64
2024-02-09 14:00:00,53.0,36.0,0.67,9,63
2024-02-09 15:00:00,85.0,23.0,1.37,9,66
2024-02-09 16:00:00,88.0,14.0,1.66,9,59
2024-02-09 17:00:00,109.0,64.0,1.65,33,70
2024-02-09 18:00:00,122.0,11.0,1.45,7,61
2024-02-09 19:00:00,90.0,71.0,1.96,11,26
2024-02-09 20:00:00,67.0,30.0,0.59,26,69
2024-02-09 21:00:00,108.0,30.0,1.84,3,67
2024-02-09 22:00:00,53.0,19.0,1.59,34,25
2024-02-09 23:00:00,75.0,67.0,2.25,14,28
2024-02-10 00:00:00,5.0,48.0,2.13,20,76
2024-02-10 01:00:00,145.0,14.0,0.86,21,50
2024-02-10 02:00:00,127.0,74.0,0.76,15,40
2024-02-10 03:00:00,66.0,22.0,2.46,12,59
2024-02-10 04:00:00,36.0,62.0,1.37,7,64
2024-02-10 05:00:00,33.0,54.0,2.28,10,68
2024-02-10 06:00:00,53.0,41.0,0.49,3,39
2024-02-10 07:00:00,34.0,45.0,1.64,6,36
2024-02-10 08:00:00,,69.0,2.04,32,47
2024-02-10 09:00:00,23.0,20.0,2.37,13,60
2024-02-10 10:00:00,,72.0,0.91,1,85
2024-02-10 11:00:00,5.0,30.0,1.84,29,44
2024-02-10 12:00:00,82.0,61.0,,12,77
2024-02-10 13:00:00,119.0,64.0,0.25,10,60
2024-02-10 14:00:00,117.0,35.0,1.76,33,25
2024-02-10 15:00:00,118.0,77.0,1.76,-2,57
2024-02-10 16:00:00,67.0,43.0,2.33,19,25
2024-02-10 17:00:00,136.0,61.0,1.29,26,64
2024-02-10 18:00:00,133.0,61.0,0.65,34,33
2024-02-10 19:00:00,12.0,38.0,0.21,7,85
2024-02-10 20:00:00,59.0,47.0,1.1,11,59
2024-02-10 21:00:00,107.0,51.0,0.82,31,22
2024-02-10 22:00:00,135.0,30.0,1.93,0,43
2024-02-10 23:00:00,36.0,,0.95,13,38
2024-02-11 00:00:00,14.0,22.0,2.38,7,37
2024-02-11 01:00:00,114.0,73.0,2.41,20,83
2024-02-11 02:00:00,128.0,26.0,1.59,8,54
2024-02-11 03:00:00,91.0,18.0,,25,81
2024-02-11 04:00:00,59.0,50.0,1.93,-2,20
2024-02-11 05:00:00,36.0,10.0,1.41,33,44
2024-02-11 06:00:00,139.0,11.0,0.53,2,64
2024-02-11 07:00:00,97.0,69.0,1.2,19,68
2024-02-11 08:00:00,12.0,57.0,1.45,7,35
2024-02-11 09:00:00,69.0,38.0,2.17,26,38
2024-02-11 10:00:00,61.0,19.0,1.26,32,42
2024-02-11 11:00:00,71.0,67.0,2.25,32,44
2024-02-11 12:00:00,76.0,69.0,1.72,22,35
2024-02-11 13:00:00,58.0,30.0,0.43,24,73
2024-02-11 14:00:00,71.0,37.0,2.49,-3,20
2024-02-11 15:00:00,55.0,43.0,1.37,22,61
